id;path;orch_composer;orch_song;orch_audio_path;solo_composer;solo_song;solo_audio_path
0;Bouliane/0;beethoven;Symph3_ii;;;Symph3_ii;
1;Bouliane/1;beethoven;Symph3_iii;;;Symph3_iii;
2;Bouliane/2;beethoven;Symph7_ii;;;Symph7_ii;
3;Bouliane/3;berlioz;Fantastique_v_Choral;;;Fantastique_v_Choral;
4;Bouliane/4;brahms;Hung_Dance 1;;;Hung_Dance 1;
5;Bouliane/5;brahms;Symph3_iii;;;Symph3_iii;
6;Bouliane/6;brahms;Symph4_iv;;;Symph4_iv;
7;Bouliane/7;chopin;Prel_Op28#20;;;Prel_Op28#20;
8;Bouliane/8;chopin;Prel_Op28#4;;;Prel_Op28#4;
9;Bouliane/9;debussy;Arabesque I;;;Arabesque I;
10;Bouliane/10;debussy;ChildrensCorner1_Gradus;;;ChildrensCorner1_Gradus;
11;Bouliane/11;debussy;La Mer_i;;;La Mer_i;
12;Bouliane/12;debussy;SuiteBergam_Passepied;;;SuiteBergam_Passepied;
13;Bouliane/13;debussy;SuiteBergam_Prelude;;;SuiteBergam_Prelude;
14;Bouliane/14;dvorak;NewWorld_ii;;;NewWorld_ii;
15;Bouliane/15;haydn;StrQuartetOp76;;;StrQuartetOp76;
16;Bouliane/16;haydn;Symph100_ii;;;Symph100_ii;
17;Bouliane/17;haydn;Symph101_iv;;;Symph101_iv;
18;Bouliane/18;haydn;Symph104_ii;;;Symph104_ii;
19;Bouliane/19;haydn;Symph93_i;;;Symph93_i;
20;Bouliane/20;haydn;Symph98_ii;;;Symph98_ii;
21;Bouliane/21;mendelssohn;Symph5_iv;;;Symph5_iv;
22;Bouliane/22;moussorgsky;TableauxProm;;;TableauxProm;
23;Bouliane/23;mozart;Divertim10K247_ii;;;Divertim10K247_ii;
24;Bouliane/24;mozart;KlNachtmusik_i;;;KlNachtmusik_i;
25;Bouliane/25;mozart;Symph40_i;;;Symph40_i;
26;Bouliane/26;ravel;MereL'oye_Pavane;;;MereL'oye_Pavane;
27;Bouliane/27;ravel;PavaneInfante;;;PavaneInfante;
28;Bouliane/28;schonberg;VNacht;;;VNacht;
29;Bouliane/29;schumann;AlbumJung_1;;;AlbumJung_1;
30;Bouliane/30;strauss-j;Danube;;;Danube;
31;Bouliane/31;strauss-r;DonJuan;;;DonJuan;
32;Bouliane/32;stravinsky;4 Etudes-Excentrique;;;4 Etudes-Excentrique;
33;Bouliane/33;stravinsky;4 Etudes-Madrid;;;4 Etudes-Madrid;
34;Bouliane/34;stravinsky;VOLGA;;;VOLGA;
35;Bouliane/35;tchaikovsky;CasseN Overture;;;CasseN Overture;
36;Bouliane/36;tchaikovsky;CassN_a)Marche;;;CassN_a)Marche;
37;Bouliane/37;tchaikovsky;Mozartiana_Minuet;;;Mozartiana_Minuet;
38;Bouliane/38;tchaikovsky;Serenade-ii;;;Serenade-ii;
39;Bouliane/39;tchaikovsky;Serenade_i;;;Serenade_i;
40;Bouliane/40;tchaikovsky;Symph4_i_Intro;;;Symph4_i_Intro;
