id;path;orch_composer;orch_song;orch_audio_path;solo_composer;solo_song;solo_audio_path
0;hand_picked_Spotify/0;debussy;la mer – 1;;debussy;la mer – 1;/Users/leo/Recherche/GitHub_Aciditeam/database/Spotify/Piano transcriptions/Andre Caplet/Debussy Works for Two Pianos
1;hand_picked_Spotify/1;debussy;la mer – 3;;debussy;la mer – 3;/Users/leo/Recherche/GitHub_Aciditeam/database/Spotify/Piano transcriptions/Andre Caplet/Debussy Works for Two Pianos
2;hand_picked_Spotify/2;tchaikovsky;Symphony_6_3;;;Symphony_6_3;/Users/leo/Recherche/GitHub_Aciditeam/database/Spotify/Piano transcriptions/Chitose Okashiro/Tchaikovsky Pathétique Symphony No. 6 - Piano Transcription/Chitose Okashiro - Allegro molto vivace.mp3
3;hand_picked_Spotify/3;tchaikovsky;Symphony_6_1;;Chitose Okashiro;Symphony_6_1;/Users/leo/Recherche/GitHub_Aciditeam/database/Spotify/Piano transcriptions/Chitose Okashiro/Tchaikovsky Pathétique Symphony No. 6 - Piano Transcription/Chitose Okashiro - Adagio - Allegro non troppo.mp3
4;hand_picked_Spotify/4;tchaikovsky;Symphony_6_2;;Chitose Okashiro;Symphony_6_2;/Users/leo/Recherche/GitHub_Aciditeam/database/Spotify/Piano transcriptions/Chitose Okashiro/Tchaikovsky Pathétique Symphony No. 6 - Piano Transcription/Chitose Okashiro - Allegro con grazia.mp3
5;hand_picked_Spotify/5;tchaikovsky;Symphony_6_3;;Chitose Okashiro;Symphony_6_3;/Users/leo/Recherche/GitHub_Aciditeam/database/Spotify/Piano transcriptions/Chitose Okashiro/Tchaikovsky Pathétique Symphony No. 6 - Piano Transcription/Chitose Okashiro - Allegro molto vivace.mp3
6;hand_picked_Spotify/6;tchaikovsky;Symphony_6_4;;Chitose Okashiro;Symphony_6_4;/Users/leo/Recherche/GitHub_Aciditeam/database/Spotify/Piano transcriptions/Chitose Okashiro/Tchaikovsky Pathétique Symphony No. 6 - Piano Transcription/Chitose Okashiro - Finale
7;hand_picked_Spotify/7;Christoph Willibald Gluck;Orfeo ed Euridice;;Wilhelm Kempff;Orfeo ed Euridice;/Users/leo/Recherche/GitHub_Aciditeam/database/Spotify/Piano transcriptions/Christoph Willibald Gluck/Bach English Suite No.3
8;hand_picked_Spotify/8;Mahler;Symphony_5_4;;;Symphony_5_4;/Users/leo/Recherche/GitHub_Aciditeam/database/Spotify/Piano transcriptions/David Briggs/Gustav Mahler Symphony No. 5 - Organ Of Gloucester Cathedral/David Briggs - Symphony No. 5 Sturmisch Bewegt.mp3
9;hand_picked_Spotify/9;Dvorak;Symphony_9_1;;;Symphony_9_1;/Users/leo/Recherche/GitHub_Aciditeam/database/Spotify/Piano transcriptions/Duo Crommelynck/Antonín Dvořák & Bedřich Smetana Original Works For Piano Four Hands/Duo Crommelynck - Symphony No. 9 In E Minor
10;hand_picked_Spotify/10;Dvorak;Symphony_9_2;;;Symphony_9_2;/Users/leo/Recherche/GitHub_Aciditeam/database/Spotify/Piano transcriptions/Duo Crommelynck/Antonín Dvořák & Bedřich Smetana Original Works For Piano Four Hands/Duo Crommelynck - Symphony No. 9 In E Minor
11;hand_picked_Spotify/11;Dvorak;Symphony_9_3;;;Symphony_9_3;/Users/leo/Recherche/GitHub_Aciditeam/database/Spotify/Piano transcriptions/Duo Crommelynck/Antonín Dvořák & Bedřich Smetana Original Works For Piano Four Hands/Duo Crommelynck - Symphony No. 9 In E Minor
12;hand_picked_Spotify/12;Dvorak;Symphony_9_4;;;Symphony_9_4;/Users/leo/Recherche/GitHub_Aciditeam/database/Spotify/Piano transcriptions/Duo Crommelynck/Antonín Dvořák & Bedřich Smetana Original Works For Piano Four Hands/Duo Crommelynck - Symphony No. 9 In E Minor
13;hand_picked_Spotify/13;Dvorak;Symphony_9_2;;;Symphony_9_2;/Users/leo/Recherche/GitHub_Aciditeam/database/Spotify/Piano transcriptions/Duo Crommelynck/Antonín Dvořák & Bedřich Smetana Original Works For Piano Four Hands/Duo Crommelynck - Symphony No. 9 In E Minor
15;hand_picked_Spotify/15;Mozart;Symphony40-1;;;Symphony40-1;
16;hand_picked_Spotify/16;Vivaldi;autumn;;;autumn;
17;hand_picked_Spotify/17;tchaikovsky;sugar-plum-fairy;;;sugar-plum-fairy;
18;hand_picked_Spotify/18;Purcell;funeral-music-for-queen-mary;;;funeral-music-for-queen-mary;
19;hand_picked_Spotify/19;Handel;water-music;;;water-music;
20;hand_picked_Spotify/20;grieg;peer-gynt1-morning-mood;;;peer-gynt1-morning-mood;
21;hand_picked_Spotify/21;smetana;moldau;;;moldau;/Users/leo/Recherche/GitHub_Aciditeam/database/Spotify/Piano transcriptions/Duo Crommelynck/Antonín Dvořák & Bedřich Smetana Original Works For Piano Four Hands/Duo Crommelynck - The Moldau.mp3
22;hand_picked_Spotify/22;mendelssohn;wedding-march;;;wedding-march;
23;hand_picked_Spotify/23;;;;;;
24;hand_picked_Spotify/24;faure;Requiem-in-paradisium;;;Requiem-in-paradisium;/Users/leo/Recherche/GitHub_Aciditeam/database/Spotify/Piano transcriptions/Gabriel Fauré/Fauré Requiem op. 48 (in a new version for piano)/Gabriel Fauré - Requiem
29;hand_picked_Spotify/29;Debussy;nocturnes_2_fetes;;Ravel;nocturnes_2_fetes;/Users/leo/Recherche/GitHub_Aciditeam/database/Spotify/Piano transcriptions/Maurice Ravel/Debussy Works for Two Pianos
30;hand_picked_Spotify/30;Debussy;nocturnes_3_sirenes;;Ravel;nocturnes_3_sirenes;/Users/leo/Recherche/GitHub_Aciditeam/database/Spotify/Piano transcriptions/Maurice Ravel/Debussy Works for Two Pianos
31;hand_picked_Spotify/31;Ravel;ma_mere_l_oye_1;;Ravel;ma_mere_l_oye_1;/Users/leo/Recherche/GitHub_Aciditeam/database/Spotify/Piano transcriptions/Maurice Ravel/Ravel Favorite Flavours - Works for 2 Pianos/Maurice Ravel - Ma mere l'oye (Mother Goose) (arr. for 2 pianos) I. Pavane de la belle au bois dormant (Pavane of Beauty Sleeping in the Wood).mp3
32;hand_picked_Spotify/32;Ravel;ma_mere_l_oye_2;;Ravel;ma_mere_l_oye_2;/Users/leo/Recherche/GitHub_Aciditeam/database/Spotify/Piano transcriptions/Maurice Ravel/Ravel Favorite Flavours - Works for 2 Pianos/Maurice Ravel - Ma mere l'oye (Mother Goose) (arr. for 2 pianos) IV. Les entretiens de la belle et de la bete (The Conversations of Beauty and the Beast).mp3
33;hand_picked_Spotify/33;Ravel;ma_mere_l_oye_3;;Ravel;ma_mere_l_oye_3;/Users/leo/Recherche/GitHub_Aciditeam/database/Spotify/Piano transcriptions/Maurice Ravel/Ravel Favorite Flavours - Works for 2 Pianos/Maurice Ravel - Ma mere l'oye (Mother Goose) (arr. for 2 pianos) II. Petit poucet (Tom Thumb).mp3
34;hand_picked_Spotify/34;Ravel;ma_mere_l_oye_4;;Ravel;ma_mere_l_oye_4;/Users/leo/Recherche/GitHub_Aciditeam/database/Spotify/Piano transcriptions/Maurice Ravel/Ravel Favorite Flavours - Works for 2 Pianos/Maurice Ravel - Ma mere l'oye (Mother Goose) (arr. for 2 pianos) III. Laideronette
35;hand_picked_Spotify/35;Ravel;ma_mere_l_oye_5;;Ravel;ma_mere_l_oye_5;/Users/leo/Recherche/GitHub_Aciditeam/database/Spotify/Piano transcriptions/Maurice Ravel/Ravel Favorite Flavours - Works for 2 Pianos/Maurice Ravel - Ma mere l'oye (Mother Goose) (arr. for 2 pianos) V. Le jardin feerique (The Fairy Garden).mp3
36;hand_picked_Spotify/36;Ravel;bolero;;Ravel;bolero;/Users/leo/Recherche/GitHub_Aciditeam/database/Spotify/Piano transcriptions/Maurice Ravel/Ravel Music for 2 Pianos/Maurice Ravel - Bolero (arr. for 2 pianos).mp3
37;hand_picked_Spotify/37;tchaikovsky;swan_lake_act-1_1_intro_et_scene;;;swan_lake_act-1_1_intro_et_scene;
38;hand_picked_Spotify/38;tchaikovsky;swan_lake_act-1_2_valse;;;swan_lake_act-1_2_valse;
39;hand_picked_Spotify/39;tchaikovsky;swan_lake_act-1_3_scene;;;swan_lake_act-1_3_scene;
40;hand_picked_Spotify/40;tchaikovsky;swan_lake_act-1_4;;;swan_lake_act-1_4;
41;hand_picked_Spotify/41;tchaikovsky;swan_lake_act-1_5;;;swan_lake_act-1_5;
42;hand_picked_Spotify/42;tchaikovsky;swan_lake_act-1_6;;;swan_lake_act-1_6;
43;hand_picked_Spotify/43;tchaikovsky;swan_lake_act-1_7_8;;;swan_lake_act-1_7_8;
44;hand_picked_Spotify/44;tchaikovsky;swan_lake_act-1_9_finale_solo;;;swan_lake_act-1_9_finale_solo;
45;hand_picked_Spotify/45;tchaikovsky;swan_lake_act-2_10_scene;;;swan_lake_act-2_10_scene;
46;hand_picked_Spotify/46;tchaikovsky;swan_lake_act-2_11_scene;;;swan_lake_act-2_11_scene;
47;hand_picked_Spotify/47;tchaikovsky;swan_lake_act-2_12_scene;;;swan_lake_act-2_12_scene;
48;hand_picked_Spotify/48;tchaikovsky;swan_lake_act-2_13;;;swan_lake_act-2_13;
49;hand_picked_Spotify/49;tchaikovsky;swan_lake_act-2_14_scene;;;swan_lake_act-2_14_scene;
50;hand_picked_Spotify/50;tchaikovsky;swan_lake_act-3_15_allegro;;;swan_lake_act-3_15_allegro;
51;hand_picked_Spotify/51;tchaikovsky;swan_lake_act-3_16_danses_du_corps_de_ballet;;;swan_lake_act-3_16_danses_du_corps_de_ballet;
52;hand_picked_Spotify/52;tchaikovsky;swan_lake_act-3_17_scene;;;swan_lake_act-3_17_scene;
53;hand_picked_Spotify/53;tchaikovsky;swan_lake_act-3_18_scene;;;swan_lake_act-3_18_scene;
54;hand_picked_Spotify/54;tchaikovsky;swan_lake_act-3_19_pas_de_six;;;swan_lake_act-3_19_pas_de_six;
55;hand_picked_Spotify/55;tchaikovsky;swan_lake_act-3_20_danse_hongroise_czardas;;;swan_lake_act-3_20_danse_hongroise_czardas;
56;hand_picked_Spotify/56;tchaikovsky;swan_lake_act-3_21_danse_espagnole;;;swan_lake_act-3_21_danse_espagnole;
57;hand_picked_Spotify/57;tchaikovsky;swan_lake_act-3_22_danse_napolitaine;;;swan_lake_act-3_22_danse_napolitaine;
58;hand_picked_Spotify/58;tchaikovsky;swan_lake_act-3_23_mazurka;;;swan_lake_act-3_23_mazurka;
59;hand_picked_Spotify/59;tchaikovsky;swan_lake_act-3_24_scene;;;swan_lake_act-3_24_scene;
60;hand_picked_Spotify/60;tchaikovsky;swan_lake_act-4_25_entract-e;;;swan_lake_act-4_25_entract-e;
61;hand_picked_Spotify/61;tchaikovsky;swan_lake_act-4_26_scene;;;swan_lake_act-4_26_scene;
62;hand_picked_Spotify/62;tchaikovsky;swan_lake_act-4_27_danses_des_petits_cygnes;;;swan_lake_act-4_27_danses_des_petits_cygnes;
63;hand_picked_Spotify/63;tchaikovsky;swan_lake_act-4_28_29;;;swan_lake_act-4_28_29;
64;hand_picked_Spotify/64;stravinsky;firebird;;;firebird;/Users/leo/Recherche/GitHub_Aciditeam/database/Spotify/Piano transcriptions/Various Artists/Stravinsky The Firebird (Piano Transcription)
