id;path;orch_composer;orch_song;orch_audio_path;solo_composer;solo_song;solo_audio_path
0;imslp/0;;;;;;
1;imslp/1;;;;;;
2;imslp/2;;;;;;
3;imslp/3;;;;;;
4;imslp/4;;;;;;
5;imslp/5;;;;;;
6;imslp/6;;;;;;
7;imslp/7;;;;;;
8;imslp/8;;;;;;
9;imslp/9;;;;;;
10;imslp/10;;;;;;
11;imslp/11;;;;;;
12;imslp/12;;;;;;
13;imslp/13;;;;;;
14;imslp/14;;;;;;
15;imslp/15;;;;;;
16;imslp/16;;;;;;
17;imslp/17;;;;;;
18;imslp/18;;;;;;
19;imslp/19;;;;;;
20;imslp/20;;;;;;
21;imslp/21;;;;;;
22;imslp/22;;;;;;
23;imslp/23;;;;;;
24;imslp/24;;;;;;
25;imslp/25;;;;;;
26;imslp/26;;;;;;
27;imslp/27;;;;;;
28;imslp/28;;;;;;
29;imslp/29;;;;;;
30;imslp/30;;;;;;
31;imslp/31;;;;;;
32;imslp/32;;;;;;
33;imslp/33;;;;;;
34;imslp/34;;;;;;
35;imslp/35;;;;;;
36;imslp/36;;;;;;
37;imslp/37;;;;;;
38;imslp/38;;;;;;
39;imslp/39;;;;;;
40;imslp/40;;;;;;
41;imslp/41;;;;;;
42;imslp/42;;;;;;
43;imslp/43;;;;;;
44;imslp/44;;;;;;
45;imslp/45;;;;;;
46;imslp/46;;;;;;
47;imslp/47;;;;;;
48;imslp/48;;;;;;
49;imslp/49;;;;;;
50;imslp/50;;;;;;
51;imslp/51;;;;;;
52;imslp/52;;;;;;
53;imslp/53;;;;;;
54;imslp/54;;;;;;
55;imslp/55;;;;;;
56;imslp/56;;;;;;
57;imslp/57;;;;;;
58;imslp/58;;;;;;
59;imslp/59;;;;;;
60;imslp/60;;;;;;
61;imslp/61;;;;;;
62;imslp/62;;;;;;
63;imslp/63;;;;;;
64;imslp/64;;;;;;
