id;path;orch_composer;orch_song;orch_audio_path;solo_composer;solo_song;solo_audio_path
0;liszt_classical_archives/0;beethoven;symphony_1_1;;liszt;symphony_1_1;
1;liszt_classical_archives/1;beethoven;symphony_1_2;;liszt;symphony_1_2;
2;liszt_classical_archives/2;beethoven;symphony_1_3;;liszt;symphony_1_3;
3;liszt_classical_archives/3;beethoven;symphony_1_4;;liszt;symphony_1_4;
4;liszt_classical_archives/4;beethoven;symphony_2_1;;liszt;symphony_2_1;
5;liszt_classical_archives/5;beethoven;symphony_2_2;;liszt;symphony_2_2;
6;liszt_classical_archives/6;beethoven;symphony_2_3;;liszt;symphony_2_3;
7;liszt_classical_archives/7;beethoven;symphony_2_4;;liszt;symphony_2_4;
8;liszt_classical_archives/8;beethoven;symphony_3_1;;liszt;symphony_3_1;
9;liszt_classical_archives/9;beethoven;symphony_3_2;;liszt;symphony_3_2;
10;liszt_classical_archives/10;beethoven;symphony_3_3;;liszt;symphony_3_3;
11;liszt_classical_archives/11;beethoven;symphony_3_4;;liszt;symphony_3_4;
12;liszt_classical_archives/12;beethoven;symphony_4_1;;liszt;symphony_4_1;
13;liszt_classical_archives/13;beethoven;symphony_4_2;;liszt;symphony_4_2;
14;liszt_classical_archives/14;beethoven;symphony_4_3;;liszt;symphony_4_3;
15;liszt_classical_archives/15;beethoven;symphony_4_4;;liszt;symphony_4_4;
16;liszt_classical_archives/16;beethoven;symphony_5_1;;liszt;symphony_5_1;
17;liszt_classical_archives/17;beethoven;symphony_5_2;;liszt;symphony_5_2;
18;liszt_classical_archives/18;beethoven;Symphony_5_3-4;;liszt;Symphony_5_3-4;
19;liszt_classical_archives/19;beethoven;symphony_6_1;;liszt;symphony_6_1;
20;liszt_classical_archives/20;beethoven;symphony_6_2;;liszt;symphony_6_2;
21;liszt_classical_archives/21;beethoven;Symphony_6_3-5;;liszt;Symphony_6_3-5;
22;liszt_classical_archives/22;beethoven;symphony_7_1;;liszt;symphony_7_1;
23;liszt_classical_archives/23;beethoven;symphony_7_2;;liszt;symphony_7_2;
24;liszt_classical_archives/24;beethoven;symphony_7_3;;liszt;symphony_7_3;
25;liszt_classical_archives/25;beethoven;symphony_7_4;;liszt;symphony_7_4;
26;liszt_classical_archives/26;beethoven;symphony_8_1;;liszt;symphony_8_1;
27;liszt_classical_archives/27;beethoven;symphony_8_2;;liszt;symphony_8_2;
28;liszt_classical_archives/28;beethoven;symphony_8_3;;liszt;symphony_8_3;
29;liszt_classical_archives/29;beethoven;symphony_8_4;;liszt;symphony_8_4;
30;liszt_classical_archives/30;beethoven;symphony_9_1;;liszt;symphony_9_1;
31;liszt_classical_archives/31;beethoven;symphony_9_2;;liszt;symphony_9_2;
32;liszt_classical_archives/32;beethoven;symphony_9_3;;liszt;symphony_9_3;
33;liszt_classical_archives/33;beethoven;symphony_9_4;;liszt;symphony_9_4;
